<?xml version="1.0" encoding="UTF-8"?>
<GenRun Id="impl_1" LaunchPart="xc7a100tcsg324-1" LaunchTime="1686846870">
  <File Type="ROUTE-PWR" Name="VendingM_power_routed.rpt"/>
  <File Type="PA-TCL" Name="VendingM.tcl"/>
  <File Type="ROUTE-PWR-SUM" Name="VendingM_power_summary_routed.pb"/>
  <File Type="REPORTS-TCL" Name="VendingM_reports.tcl"/>
  <File Type="BITSTR-MSK" Name="VendingM.msk"/>
  <File Type="ROUTE-CLK" Name="VendingM_clock_utilization_routed.rpt"/>
  <File Type="RDI-RDI" Name="VendingM.vdi"/>
  <File Type="BG-BIT" Name="VendingM.bit"/>
  <File Type="BG-DRC" Name="VendingM.drc"/>
  <File Type="BG-BGN" Name="VendingM.bgn"/>
  <File Type="BG-BIN" Name="VendingM.bin"/>
  <File Type="BITSTR-RBT" Name="VendingM.rbt"/>
  <File Type="BITSTR-NKY" Name="VendingM.nky"/>
  <File Type="BITSTR-BMM" Name="VendingM_bd.bmm"/>
  <File Type="BITSTR-MMI" Name="VendingM.mmi"/>
  <File Type="ROUTE-METHODOLOGY-DRC" Name="VendingM_methodology_drc_routed.rpt"/>
  <File Type="BITSTR-SYSDEF" Name="VendingM.sysdef"/>
  <File Type="ROUTE-METHODOLOGY-DRC-PB" Name="VendingM_methodology_drc_routed.pb"/>
  <File Type="BITSTR-LTX" Name="debug_nets.ltx"/>
  <File Type="BITSTR-LTX" Name="VendingM.ltx"/>
  <File Type="WBT-USG" Name="usage_statistics_webtalk.html"/>
  <File Type="OPT-DRC" Name="VendingM_drc_opted.rpt"/>
  <File Type="OPT-HWDEF" Name="VendingM.hwdef"/>
  <File Type="PLACE-IO" Name="VendingM_io_placed.rpt"/>
  <File Type="PLACE-UTIL" Name="VendingM_utilization_placed.rpt"/>
  <File Type="PLACE-UTIL-PB" Name="VendingM_utilization_placed.pb"/>
  <File Type="ROUTE-RQS" Name="VendingM_routed.rqs"/>
  <File Type="PLACE-CTRL" Name="VendingM_control_sets_placed.rpt"/>
  <File Type="ROUTE-RQS-RPT" Name="route_report_qor_suggestions_0.rpt"/>
  <File Type="PLACE-PRE-SIMILARITY" Name="VendingM_incremental_reuse_pre_placed.rpt"/>
  <File Type="POSTROUTE-PHYSOPT-RQS-RPT" Name="postroute_physopt_report_qor_suggestions_0.rpt"/>
  <File Type="ROUTE-DRC" Name="VendingM_drc_routed.rpt"/>
  <File Type="ROUTE-DRC-PB" Name="VendingM_drc_routed.pb"/>
  <File Type="ROUTE-PWR-RPX" Name="VendingM_power_routed.rpx"/>
  <File Type="ROUTE-STATUS" Name="VendingM_route_status.rpt"/>
  <File Type="ROUTE-STATUS-PB" Name="VendingM_route_status.pb"/>
  <File Type="ROUTE-DCP" Name="VendingM_routed.dcp"/>
  <File Type="ROUTE-ERROR-DCP" Name="VendingM_routed_error.dcp"/>
  <File Type="ROUTE-BLACKBOX-DCP" Name="VendingM_routed_bb.dcp"/>
  <File Type="ROUTE-TIMINGSUMMARY" Name="VendingM_timing_summary_routed.rpt"/>
  <File Type="ROUTE-TIMING-PB" Name="VendingM_timing_summary_routed.pb"/>
  <File Type="ROUTE-TIMING-RPX" Name="VendingM_timing_summary_routed.rpx"/>
  <File Type="ROUTE-BUS-SKEW" Name="VendingM_bus_skew_routed.rpt"/>
  <File Type="ROUTE-BUS-SKEW-PB" Name="VendingM_bus_skew_routed.pb"/>
  <File Type="ROUTE-BUS-SKEW-RPX" Name="VendingM_bus_skew_routed.rpx"/>
  <File Type="OPT-DCP" Name="VendingM_opt.dcp"/>
  <File Type="PLACE-DCP" Name="VendingM_placed.dcp"/>
  <File Type="PWROPT-DCP" Name="VendingM_pwropt.dcp"/>
  <File Type="POSTPLACE-PWROPT-DCP" Name="VendingM_postplace_pwropt.dcp"/>
  <File Type="PHYSOPT-DCP" Name="VendingM_physopt.dcp"/>
  <File Type="POSTROUTE-PHYSOPT-DCP" Name="VendingM_postroute_physopt.dcp"/>
  <File Type="POSTROUTE-PHYSOPT-BLACKBOX-DCP" Name="VendingM_postroute_physopt_bb.dcp"/>
  <File Type="ROUTE-DRC-RPX" Name="VendingM_drc_routed.rpx"/>
  <File Type="ROUTE-METHODOLOGY-DRC-RPX" Name="VendingM_methodology_drc_routed.rpx"/>
  <File Type="PDI-FILE" Name="VendingM.pdi"/>
  <File Type="RCFI_FILE" Name="VendingM.rcfi"/>
  <File Type="CFI_FILE" Name="VendingM.cfi"/>
  <File Type="RNPI_FILE" Name="VendingM.rnpi"/>
  <File Type="NPI_FILE" Name="VendingM.npi"/>
  <File Type="RBD_FILE" Name="VendingM.rbd"/>
  <File Type="POSTROUTE-PHYSOPT-RQS" Name="VendingM_postroute_physopted.rqs"/>
  <FileSet Name="sources" Type="DesignSrcs" RelSrcDir="$PSRCDIR/sources_1" RelGenDir="$PGENDIR/sources_1">
    <Filter Type="Srcs"/>
    <File Path="$PSRCDIR/sources_1/new/VendingM.vhd">
      <FileInfo>
        <Attr Name="ImportPath" Val="$PPRDIR/../../../../../../Desktop/vending machine v2/VendingM/VendingM.srcs/sources_1/new/VendingM.vhd"/>
        <Attr Name="ImportTime" Val="1686860641"/>
        <Attr Name="UsedIn" Val="synthesis"/>
        <Attr Name="UsedIn" Val="simulation"/>
      </FileInfo>
    </File>
    <Config>
      <Option Name="DesignMode" Val="RTL"/>
      <Option Name="TopModule" Val="VendingM"/>
      <Option Name="TopAutoSet" Val="TRUE"/>
    </Config>
  </FileSet>
  <FileSet Name="constrs_in" Type="Constrs" RelSrcDir="$PSRCDIR/constrs_1">
    <Filter Type="Constrs"/>
    <File Path="$PPRDIR/../../../../../../Desktop/HSHL Online/Semester 6/Hardware Engineering/Nexys-A7-100T-Master.xdc">
      <FileInfo>
        <Attr Name="UsedIn" Val="synthesis"/>
        <Attr Name="UsedIn" Val="implementation"/>
      </FileInfo>
    </File>
    <Config>
      <Option Name="ConstrsType" Val="XDC"/>
    </Config>
  </FileSet>
  <FileSet Name="utils" Type="Utils" RelSrcDir="$PSRCDIR/utils_1">
    <Filter Type="Utils"/>
    <File Path="$PSRCDIR/utils_1/imports/synth_1/VendingM.dcp">
      <FileInfo>
        <Attr Name="ImportPath" Val="$PPRDIR/../../../../../../Desktop/vending machine v2/VendingM/VendingM.srcs/utils_1/imports/synth_1/VendingM.dcp"/>
        <Attr Name="ImportTime" Val="1686846868"/>
        <Attr Name="UsedIn" Val="synthesis"/>
        <Attr Name="UsedIn" Val="implementation"/>
        <Attr Name="UsedInSteps" Val="synth_1"/>
        <Attr Name="AutoDcp" Val="1"/>
      </FileInfo>
    </File>
    <Config>
      <Option Name="TopAutoSet" Val="TRUE"/>
    </Config>
  </FileSet>
  <Strategy Version="1" Minor="2">
    <StratHandle Name="Vivado Implementation Defaults" Flow="Vivado Implementation 2022"/>
    <Step Id="init_design"/>
    <Step Id="opt_design"/>
    <Step Id="power_opt_design"/>
    <Step Id="place_design"/>
    <Step Id="post_place_power_opt_design"/>
    <Step Id="phys_opt_design"/>
    <Step Id="route_design"/>
    <Step Id="post_route_phys_opt_design"/>
    <Step Id="write_bitstream"/>
    <Step Id="write_device_image"/>
  </Strategy>
</GenRun>
